{
  "log": {
    "loglevel": "debug"
  },
  "inbounds": [
    {
      "tag": "http-in",
      "port": 8080,
      "listen": "127.0.0.1",
      "protocol": "http"
    },
    {
      "tag": "door-in",
      "listen": "127.0.0.1",
      "port": 20443,
      "protocol": "dokodemo-door",
      "settings": {
        "address": "msdn.channel9.workers.dev",
        "port": 443,
        "network": "tcp"
      }
    },
    {
      "tag": "socks-in",
      "port": 1080,
      "listen": "127.0.0.1",
      "protocol": "socks",
      "settings": {
        "auth": "noauth",
        "udp": false
      },
      "sniffing": {
        "enabled": true,
        "destOverride": [
          "http",
          "tls"
        ]
      }
    }
  ],
  "outbounds": [
    {
      "tag": "22-out",
      "protocol": "vmess",
      "settings": {
        "vnext": [
          {
            "address": "127.0.0.1",
            "port": 20443,
            "users": [
              {
                "id": "b831381d-6324-4d53-ad4f-8cda48b30811",
                "alterId": 64
              }
            ]
          }
        ]
      },
      "streamSettings": {
        "network": "tcp",
        "tcpSettings": {
          "header": {  //这里的 header 要与服务器保持一致
            "type": "http",
            "request": {
              "version": "1.1",
              "method": "GET",
              "path": ["/"],
              "headers": {
                "Host": ["www.cloudflare.com", "www.amazon.com"],
                "User-Agent": [
                  "Mozilla/5.0 (Windows NT 10.0; WOW64) AppleWebKit/537.36 (KHTML, like Gecko) Chrome/55.0.2883.75 Safari/537.36",
                          "Mozilla/5.0 (iPhone; CPU iPhone OS 10_0_2 like Mac OS X) AppleWebKit/601.1 (KHTML, like Gecko) CriOS/53.0.2785.109 Mobile/14A456 Safari/601.1.46"
                ],
                "Accept-Encoding": ["gzip, deflate"],
                "Connection": ["keep-alive"],
                "Pragma": "no-cache"
              }
            }
          }
        }
      }
    },
    {
      "tag": "vmess-hs-out",
      "protocol": "vmess",
      "settings": {
        "vnext": [
          {
            "address": "127.0.0.1",
            "port": 51080,
            //"address": "www.fkurl.com",
            //"port": 51443,
            "users": [
              {
                "id": "51545a9f-8ed1-4229-b31f-524ba99c5ff5",
                "level": 1,
                "security": "auto",
                "alterId": 64
              }
            ]
          }
        ]
      },
      "streamSettings": {
        "network": "tcp",
        "tcpSettings": {
          "header": {
            "type": "http",
            "request": {
              "version": "1.1",
              "method": "GET",
              "path": [
                "/8cda48b30811-hsm"
              ],
              "headers": {
                "Host": [
                  "msdn.channel9.workers.dev"
                ],
                "User-Agent": [
                  "Mozilla/5.0 (Windows NT 10.0; Win64; x64) AppleWebKit/537.36 (KHTML, like Gecko) Chrome/89.0.4389.128 Safari/537.36",
                  "Mozilla/5.0 (iPhone; CPU iPhone OS 10_0_2 like Mac OS X) AppleWebKit/601.1 (KHTML, like Gecko) CriOS/53.0.2785.109 Mobile/14A456 Safari/601.1.46"
                ],
                "Accept-Encoding": [
                  "gzip, deflate",
                  "gzip, deflate, br"
                ],
                "Connection": [
                  "keep-alive"
                ],
                "Pragma": "no-cache"
              }
            }
          }
        },
        "security": "none"
      }
    },
    {
      "tag": "vmess-wss-out",
      "protocol": "vmess",
      "settings": {
        "vnext": [
          {
            "address": "127.0.0.1",
            "port": 20443,
            //"address": "www.fkurl.com",
            //"port": 51443,
            "users": [
              {
                "id": "228c4ddd-a288-4ca7-98f7-be50cc9c19b4",
                "level": 1,
                "security": "auto",
                "alterId": 64
              }
            ]
          }
        ]
      },
      "streamSettings": {
        "network": "ws",
        "wsSettings": {
          "connectionReuse": true,
          "path": "/be50cc9c19b4-wsm",
          "headers": {
            "Host": "msdn.channel9.workers.dev"
          }
        },
        "security": "tls",
        "tlsSettings": {
          "allowInsecure": true,
          "serverName": "msdn.channel9.workers.dev"
        }
      }
    },
    {
      "tag": "http-out",
      "protocol": "http",
      "settings": {
        "servers": [
          {
            "address": "127.0.0.1",
            "port": 8888
          }
        ]
      },
      "streamSettings": {
        "security": "none"
      }
    }
  ],
  "routing": {
    "domainStrategy": "IPIfNonMatch",
    "rules": [
      {
        "type": "field",
        "inboundTag": [
          "socks-in",
          "http-in"
        ],
        "outboundTag": "vmess-wss-out"
      },
      {
        "type": "field",
        "inboundTag": [
          "door-in"
        ],
        "outboundTag": "http-out"
      }
    ]
  }
}